,0,1,2,3,4,5,6,7,8,9,10,11,12,13,14,15,16
0,"{
","  ""hash"": ""00000000000000000009a8a019a7e05cf9dd888543f8e1a5449dea200c3922f5"",
","  ""confirmations"": 34241,
","  ""height"": 703600,
","  ""version"": 536903684,
","  ""versionHex"": ""20008004"",
","  ""merkleroot"": ""f55cef9f55756721e53604afbe9e97389cba6172fac70f38dc7bd53d472ab6f6"",
","  ""time"": 1633398665,
","  ""mediantime"": 1633395640,
","  ""nonce"": 727629414,
","  ""bits"": ""170e2632"",
","  ""difficulty"": 19893045048575.13,
","  ""chainwork"": ""0000000000000000000000000000000000000000225da3364e18f13c07ab2fa9"",
","  ""nTx"": 198,
","  ""previousblockhash"": ""000000000000000000051aca8a877f6981d3b3f5c3e6ae8c071ac247a7d7919e"",
","  ""nextblockhash"": ""00000000000000000001dab19d08bf7a5a7dc350855eade998b75d6b74acff05""
","}
"
1,"{
","  ""hash"": ""00000000000000000001dab19d08bf7a5a7dc350855eade998b75d6b74acff05"",
","  ""confirmations"": 34240,
","  ""height"": 703601,
","  ""version"": 536870916,
","  ""versionHex"": ""20000004"",
","  ""merkleroot"": ""3eec9bf2edcd26c22134568e1f58b9561385026a1c038dd58c62591659bc1edc"",
","  ""time"": 1633400115,
","  ""mediantime"": 1633396122,
","  ""nonce"": 3466911507,
","  ""bits"": ""170e2632"",
","  ""difficulty"": 19893045048575.13,
","  ""chainwork"": ""0000000000000000000000000000000000000000225db54e1612ee35252a9122"",
","  ""nTx"": 2330,
","  ""previousblockhash"": ""00000000000000000009a8a019a7e05cf9dd888543f8e1a5449dea200c3922f5"",
","  ""nextblockhash"": ""000000000000000000095b45b8b7acc4e928d7ee0a413fecede707b145d0238b""
","}
"
2,"{
","  ""hash"": ""000000000000000000095b45b8b7acc4e928d7ee0a413fecede707b145d0238b"",
","  ""confirmations"": 34239,
","  ""height"": 703602,
","  ""version"": 545259524,
","  ""versionHex"": ""20800004"",
","  ""merkleroot"": ""18ccdf1e19ecc6ea23ad8a44bb03183140e6d00de74f0dd1e1372aa97c1e9da2"",
","  ""time"": 1633400239,
","  ""mediantime"": 1633397240,
","  ""nonce"": 869075250,
","  ""bits"": ""170e2632"",
","  ""difficulty"": 19893045048575.13,
","  ""chainwork"": ""0000000000000000000000000000000000000000225dc765de0ceb2e42a9f29b"",
","  ""nTx"": 1639,
","  ""previousblockhash"": ""00000000000000000001dab19d08bf7a5a7dc350855eade998b75d6b74acff05"",
","  ""nextblockhash"": ""000000000000000000077ac614d0fa8f6ddd9bea05676d9c7d999308510f1f7d""
","}
"
3,"{
","  ""hash"": ""000000000000000000077ac614d0fa8f6ddd9bea05676d9c7d999308510f1f7d"",
","  ""confirmations"": 34238,
","  ""height"": 703603,
","  ""version"": 671080452,
","  ""versionHex"": ""27ffe004"",
","  ""merkleroot"": ""d5626f74157df60aaa46a245861288472a274412de037ac9da50a8a96ebef8df"",
","  ""time"": 1633401249,
","  ""mediantime"": 1633397728,
","  ""nonce"": 3532318454,
","  ""bits"": ""170e2632"",
","  ""difficulty"": 19893045048575.13,
","  ""chainwork"": ""0000000000000000000000000000000000000000225dd97da606e82760295414"",
","  ""nTx"": 2515,
","  ""previousblockhash"": ""000000000000000000095b45b8b7acc4e928d7ee0a413fecede707b145d0238b"",
","  ""nextblockhash"": ""0000000000000000000bf192140431a034e0ee713a13355bc36d0ec516f16094""
","}
"
4,"{
","  ""hash"": ""0000000000000000000bf192140431a034e0ee713a13355bc36d0ec516f16094"",
","  ""confirmations"": 34237,
","  ""height"": 703604,
","  ""version"": 536870916,
","  ""versionHex"": ""20000004"",
","  ""merkleroot"": ""749585ff5bdc359d7342613d2a5a3422e1bdd7558a4cfb53b6e0f8adbe61f31a"",
","  ""time"": 1633401367,
","  ""mediantime"": 1633398608,
","  ""nonce"": 1693919472,
","  ""bits"": ""170e2632"",
","  ""difficulty"": 19893045048575.13,
","  ""chainwork"": ""0000000000000000000000000000000000000000225deb956e00e5207da8b58d"",
","  ""nTx"": 316,
","  ""previousblockhash"": ""000000000000000000077ac614d0fa8f6ddd9bea05676d9c7d999308510f1f7d"",
","  ""nextblockhash"": ""0000000000000000000caabe1a99baa01f3502f4417a122efdcfc8eafd67031b""
","}
"
5,"{
","  ""hash"": ""0000000000000000000caabe1a99baa01f3502f4417a122efdcfc8eafd67031b"",
","  ""confirmations"": 34236,
","  ""height"": 703605,
","  ""version"": 541065220,
","  ""versionHex"": ""20400004"",
","  ""merkleroot"": ""88f796a024ebcd6e3888f2e3bfe179daac2dc597614e21e88a2106ee3a30332c"",
","  ""time"": 1633401784,
","  ""mediantime"": 1633398665,
","  ""nonce"": 3595109478,
","  ""bits"": ""170e2632"",
","  ""difficulty"": 19893045048575.13,
","  ""chainwork"": ""0000000000000000000000000000000000000000225dfdad35fae2199b281706"",
","  ""nTx"": 1082,
","  ""previousblockhash"": ""0000000000000000000bf192140431a034e0ee713a13355bc36d0ec516f16094"",
","  ""nextblockhash"": ""000000000000000000004497e2add84b8cd34734302932d5a7c87ed5f3b49f4d""
","}
"
6,"{
","  ""hash"": ""000000000000000000004497e2add84b8cd34734302932d5a7c87ed5f3b49f4d"",
","  ""confirmations"": 34235,
","  ""height"": 703606,
","  ""version"": 536879108,
","  ""versionHex"": ""20002004"",
","  ""merkleroot"": ""b72f742f98ed786589279b62398a5320dfc998224404454f65163724eeaa1e5d"",
","  ""time"": 1633401997,
","  ""mediantime"": 1633400115,
","  ""nonce"": 3452791835,
","  ""bits"": ""170e2632"",
","  ""difficulty"": 19893045048575.13,
","  ""chainwork"": ""0000000000000000000000000000000000000000225e0fc4fdf4df12b8a7787f"",
","  ""nTx"": 512,
","  ""previousblockhash"": ""0000000000000000000caabe1a99baa01f3502f4417a122efdcfc8eafd67031b"",
","  ""nextblockhash"": ""0000000000000000000d68b32c7b7504f2b3b3ef8c66daa26098b9a43eb15349""
","}
"
7,"{
","  ""hash"": ""0000000000000000000d68b32c7b7504f2b3b3ef8c66daa26098b9a43eb15349"",
","  ""confirmations"": 34234,
","  ""height"": 703607,
","  ""version"": 536870916,
","  ""versionHex"": ""20000004"",
","  ""merkleroot"": ""0ed649332af8bef828d9cb1cd89776a6437dc1e9a8c4f29adca95d21072640fe"",
","  ""time"": 1633402646,
","  ""mediantime"": 1633400239,
","  ""nonce"": 533350024,
","  ""bits"": ""170e2632"",
","  ""difficulty"": 19893045048575.13,
","  ""chainwork"": ""0000000000000000000000000000000000000000225e21dcc5eedc0bd626d9f8"",
","  ""nTx"": 1476,
","  ""previousblockhash"": ""000000000000000000004497e2add84b8cd34734302932d5a7c87ed5f3b49f4d"",
","  ""nextblockhash"": ""0000000000000000000159ac5df1b8c86dc67d43949870500a1dd71aed1101cd""
","}
"
8,"{
","  ""hash"": ""0000000000000000000159ac5df1b8c86dc67d43949870500a1dd71aed1101cd"",
","  ""confirmations"": 34233,
","  ""height"": 703608,
","  ""version"": 549453828,
","  ""versionHex"": ""20c00004"",
","  ""merkleroot"": ""c9826a96e662829a563d2959659aec62ccfc24a174c4f92ae78217eca42566e5"",
","  ""time"": 1633402766,
","  ""mediantime"": 1633401249,
","  ""nonce"": 1923511480,
","  ""bits"": ""170e2632"",
","  ""difficulty"": 19893045048575.13,
","  ""chainwork"": ""0000000000000000000000000000000000000000225e33f48de8d904f3a63b71"",
","  ""nTx"": 260,
","  ""previousblockhash"": ""0000000000000000000d68b32c7b7504f2b3b3ef8c66daa26098b9a43eb15349"",
","  ""nextblockhash"": ""0000000000000000000403c53bd0a49264c41658030aa2cb81c248e7d801e6b3""
","}
"
9,"{
","  ""hash"": ""0000000000000000000403c53bd0a49264c41658030aa2cb81c248e7d801e6b3"",
","  ""confirmations"": 34232,
","  ""height"": 703609,
","  ""version"": 536895492,
","  ""versionHex"": ""20006004"",
","  ""merkleroot"": ""8ae2340441a25bb8ef643777637c80988aee8a4e132fec269c58359461d732f2"",
","  ""time"": 1633403049,
","  ""mediantime"": 1633401367,
","  ""nonce"": 259841542,
","  ""bits"": ""170e2632"",
","  ""difficulty"": 19893045048575.13,
","  ""chainwork"": ""0000000000000000000000000000000000000000225e460c55e2d5fe11259cea"",
","  ""nTx"": 716,
","  ""previousblockhash"": ""0000000000000000000159ac5df1b8c86dc67d43949870500a1dd71aed1101cd"",
","  ""nextblockhash"": ""0000000000000000000c1888a2bad3c9b4c9e5603353439648aa46ef37363d41""
","}
"
10,"{
","  ""hash"": ""0000000000000000000c1888a2bad3c9b4c9e5603353439648aa46ef37363d41"",
","  ""confirmations"": 34231,
","  ""height"": 703610,
","  ""version"": 545259524,
","  ""versionHex"": ""20800004"",
","  ""merkleroot"": ""fbe3057bc155e35125ee2d3ae233ab5fb52e0b16911cc18265e8fe00ac25a5e9"",
","  ""time"": 1633403207,
","  ""mediantime"": 1633401784,
","  ""nonce"": 3135068826,
","  ""bits"": ""170e2632"",
","  ""difficulty"": 19893045048575.13,
","  ""chainwork"": ""0000000000000000000000000000000000000000225e58241ddcd2f72ea4fe63"",
","  ""nTx"": 406,
","  ""previousblockhash"": ""0000000000000000000403c53bd0a49264c41658030aa2cb81c248e7d801e6b3"",
","  ""nextblockhash"": ""0000000000000000000795a006cce627c701a73b0a99cb911348ebefb8bec866""
","}
"
11,"{
","  ""hash"": ""0000000000000000000795a006cce627c701a73b0a99cb911348ebefb8bec866"",
","  ""confirmations"": 34230,
","  ""height"": 703611,
","  ""version"": 541065220,
","  ""versionHex"": ""20400004"",
","  ""merkleroot"": ""e0f2ce14f697deaa35275ce504c07c4137047f4ab77ac27077854ae603d2d631"",
","  ""time"": 1633403894,
","  ""mediantime"": 1633401997,
","  ""nonce"": 1243279619,
","  ""bits"": ""170e2632"",
","  ""difficulty"": 19893045048575.13,
","  ""chainwork"": ""0000000000000000000000000000000000000000225e6a3be5d6cff04c245fdc"",
","  ""nTx"": 1616,
","  ""previousblockhash"": ""0000000000000000000c1888a2bad3c9b4c9e5603353439648aa46ef37363d41"",
","  ""nextblockhash"": ""000000000000000000087ef7bf84122b2f0651e5d82d6e3acdfe54d046a054dd""
","}
"
12,"{
","  ""hash"": ""000000000000000000087ef7bf84122b2f0651e5d82d6e3acdfe54d046a054dd"",
","  ""confirmations"": 34229,
","  ""height"": 703612,
","  ""version"": 805298180,
","  ""versionHex"": ""2fffe004"",
","  ""merkleroot"": ""41c4e751bf3bc31263b9ad02b64e338ecf9e8c1feeccfe8866d3ebcc5f999776"",
","  ""time"": 1633404004,
","  ""mediantime"": 1633402646,
","  ""nonce"": 2860800657,
","  ""bits"": ""170e2632"",
","  ""difficulty"": 19893045048575.13,
","  ""chainwork"": ""0000000000000000000000000000000000000000225e7c53add0cce969a3c155"",
","  ""nTx"": 269,
","  ""previousblockhash"": ""0000000000000000000795a006cce627c701a73b0a99cb911348ebefb8bec866"",
","  ""nextblockhash"": ""00000000000000000007101abae8e2668129d24060b21c96bbbca679d249dd25""
","}
"
13,"{
","  ""hash"": ""00000000000000000007101abae8e2668129d24060b21c96bbbca679d249dd25"",
","  ""confirmations"": 34228,
","  ""height"": 703613,
","  ""version"": 545259524,
","  ""versionHex"": ""20800004"",
","  ""merkleroot"": ""b05d0f942ecb55650fa3493bac4c94cf8d7e1e19544034cfb48b6d8e313cae0b"",
","  ""time"": 1633404260,
","  ""mediantime"": 1633402766,
","  ""nonce"": 2506015763,
","  ""bits"": ""170e2632"",
","  ""difficulty"": 19893045048575.13,
","  ""chainwork"": ""0000000000000000000000000000000000000000225e8e6b75cac9e2872322ce"",
","  ""nTx"": 646,
","  ""previousblockhash"": ""000000000000000000087ef7bf84122b2f0651e5d82d6e3acdfe54d046a054dd"",
","  ""nextblockhash"": ""000000000000000000091547211a18dfbea1dd8d154200411e26041874021e15""
","}
"
14,"{
","  ""hash"": ""000000000000000000091547211a18dfbea1dd8d154200411e26041874021e15"",
","  ""confirmations"": 34227,
","  ""height"": 703614,
","  ""version"": 551550980,
","  ""versionHex"": ""20e00004"",
","  ""merkleroot"": ""3b6b354ffcd4a83fab3c85794742e70e9930ad53d86114a24ba8e3a374202d8c"",
","  ""time"": 1633404593,
","  ""mediantime"": 1633403049,
","  ""nonce"": 223571462,
","  ""bits"": ""170e2632"",
","  ""difficulty"": 19893045048575.13,
","  ""chainwork"": ""0000000000000000000000000000000000000000225ea0833dc4c6dba4a28447"",
","  ""nTx"": 766,
","  ""previousblockhash"": ""00000000000000000007101abae8e2668129d24060b21c96bbbca679d249dd25"",
","  ""nextblockhash"": ""0000000000000000000e1d53e501f43e9926395153d3bb1864ee5625c0e9fa25""
","}
"
15,"{
","  ""hash"": ""0000000000000000000e1d53e501f43e9926395153d3bb1864ee5625c0e9fa25"",
","  ""confirmations"": 34226,
","  ""height"": 703615,
","  ""version"": 551550980,
","  ""versionHex"": ""20e00004"",
","  ""merkleroot"": ""b99411729b13f16208793423f96324a6f89bc01940a9629ca111e9e7d5dec903"",
","  ""time"": 1633404893,
","  ""mediantime"": 1633403207,
","  ""nonce"": 1620095790,
","  ""bits"": ""170e2632"",
","  ""difficulty"": 19893045048575.13,
","  ""chainwork"": ""0000000000000000000000000000000000000000225eb29b05bec3d4c221e5c0"",
","  ""nTx"": 666,
","  ""previousblockhash"": ""000000000000000000091547211a18dfbea1dd8d154200411e26041874021e15"",
","  ""nextblockhash"": ""0000000000000000000546ed3897ff6f6e355e39839501dd86507cc4ee77283b""
","}
"
16,"{
","  ""hash"": ""0000000000000000000546ed3897ff6f6e355e39839501dd86507cc4ee77283b"",
","  ""confirmations"": 34225,
","  ""height"": 703616,
","  ""version"": 547356676,
","  ""versionHex"": ""20a00004"",
","  ""merkleroot"": ""d25d78b9d0d53e4cb5a52db5a1f50711261c014cc906e19039358c3977bc9069"",
","  ""time"": 1633404927,
","  ""mediantime"": 1633403894,
","  ""nonce"": 2629271810,
","  ""bits"": ""170e2632"",
","  ""difficulty"": 19893045048575.13,
","  ""chainwork"": ""0000000000000000000000000000000000000000225ec4b2cdb8c0cddfa14739"",
","  ""nTx"": 67,
","  ""previousblockhash"": ""0000000000000000000e1d53e501f43e9926395153d3bb1864ee5625c0e9fa25"",
","  ""nextblockhash"": ""0000000000000000000512deae9b7761b8ce3f80f93bab54378b939957ae664b""
","}
"
17,"{
","  ""hash"": ""0000000000000000000512deae9b7761b8ce3f80f93bab54378b939957ae664b"",
","  ""confirmations"": 34224,
","  ""height"": 703617,
","  ""version"": 1073733636,
","  ""versionHex"": ""3fffe004"",
","  ""merkleroot"": ""9e429af39874bee4e8efafc572cf56d2f77372e29cde0e77897fe873f1489b8e"",
","  ""time"": 1633406040,
","  ""mediantime"": 1633404004,
","  ""nonce"": 1928714331,
","  ""bits"": ""170e2632"",
","  ""difficulty"": 19893045048575.13,
","  ""chainwork"": ""0000000000000000000000000000000000000000225ed6ca95b2bdc6fd20a8b2"",
","  ""nTx"": 2425,
","  ""previousblockhash"": ""0000000000000000000546ed3897ff6f6e355e39839501dd86507cc4ee77283b"",
","  ""nextblockhash"": ""0000000000000000000c89291219aa9f0ac8d2e2bb63a07c8ccdefcc5b3f829b""
","}
"
18,"{
","  ""hash"": ""0000000000000000000c89291219aa9f0ac8d2e2bb63a07c8ccdefcc5b3f829b"",
","  ""confirmations"": 34223,
","  ""height"": 703618,
","  ""version"": 541065220,
","  ""versionHex"": ""20400004"",
","  ""merkleroot"": ""760273fbfe38ddef37f00f8ba2bce4a6b9cd667967863373967fe5178c4d673d"",
","  ""time"": 1633406110,
","  ""mediantime"": 1633404260,
","  ""nonce"": 3142733916,
","  ""bits"": ""170e2632"",
","  ""difficulty"": 19893045048575.13,
","  ""chainwork"": ""0000000000000000000000000000000000000000225ee8e25dacbac01aa00a2b"",
","  ""nTx"": 188,
","  ""previousblockhash"": ""0000000000000000000512deae9b7761b8ce3f80f93bab54378b939957ae664b"",
","  ""nextblockhash"": ""0000000000000000000dd38db4f23f0dd9d5d77e9ae7eeb802793d17aec65afa""
","}
"
19,"{
","  ""hash"": ""0000000000000000000dd38db4f23f0dd9d5d77e9ae7eeb802793d17aec65afa"",
","  ""confirmations"": 34222,
","  ""height"": 703619,
","  ""version"": 536870916,
","  ""versionHex"": ""20000004"",
","  ""merkleroot"": ""2cbec1df21fc7e136b441f029d77c728d9a26c51808743e941add911c8799702"",
","  ""time"": 1633406764,
","  ""mediantime"": 1633404593,
","  ""nonce"": 386840570,
","  ""bits"": ""170e2632"",
","  ""difficulty"": 19893045048575.13,
","  ""chainwork"": ""0000000000000000000000000000000000000000225efafa25a6b7b9381f6ba4"",
","  ""nTx"": 1591,
","  ""previousblockhash"": ""0000000000000000000c89291219aa9f0ac8d2e2bb63a07c8ccdefcc5b3f829b"",
","  ""nextblockhash"": ""00000000000000000005e2048786547ee248b133247abd31dde31549ca991176""
","}
"
20,"{
","  ""hash"": ""00000000000000000005e2048786547ee248b133247abd31dde31549ca991176"",
","  ""confirmations"": 34221,
","  ""height"": 703620,
","  ""version"": 549453828,
","  ""versionHex"": ""20c00004"",
","  ""merkleroot"": ""5ac1571b05bc2d03461cf37bb3d3dba4997a3c3db23299cf9ba5c91fd8f70013"",
","  ""time"": 1633408946,
","  ""mediantime"": 1633404893,
","  ""nonce"": 45602305,
","  ""bits"": ""170e2632"",
","  ""difficulty"": 19893045048575.13,
","  ""chainwork"": ""0000000000000000000000000000000000000000225f0d11eda0b4b2559ecd1d"",
","  ""nTx"": 2755,
","  ""previousblockhash"": ""0000000000000000000dd38db4f23f0dd9d5d77e9ae7eeb802793d17aec65afa"",
","  ""nextblockhash"": ""000000000000000000080be08ee62e6eca5506f3b9b7dffb77402e337c2a4b53""
","}
"
21,"{
","  ""hash"": ""000000000000000000080be08ee62e6eca5506f3b9b7dffb77402e337c2a4b53"",
","  ""confirmations"": 34220,
","  ""height"": 703621,
","  ""version"": 536895488,
","  ""versionHex"": ""20006000"",
","  ""merkleroot"": ""6c9e355b7ea791077cbacb8905cc540b360688ed179d279818bf34dc94b86f3b"",
","  ""time"": 1633409910,
","  ""mediantime"": 1633404927,
","  ""nonce"": 3449718155,
","  ""bits"": ""170e2632"",
","  ""difficulty"": 19893045048575.13,
","  ""chainwork"": ""0000000000000000000000000000000000000000225f1f29b59ab1ab731e2e96"",
","  ""nTx"": 2605,
","  ""previousblockhash"": ""00000000000000000005e2048786547ee248b133247abd31dde31549ca991176"",
","  ""nextblockhash"": ""0000000000000000000cd9184c85600a016820c465fa212506ed7ee212ff6f35""
","}
"
22,"{
","  ""hash"": ""0000000000000000000cd9184c85600a016820c465fa212506ed7ee212ff6f35"",
","  ""confirmations"": 34219,
","  ""height"": 703622,
","  ""version"": 536870916,
","  ""versionHex"": ""20000004"",
","  ""merkleroot"": ""bd1ed31a3440acaa287510f4e75160141e6a31a8b4086a94d1415b9b83f249e5"",
","  ""time"": 1633410031,
","  ""mediantime"": 1633406040,
","  ""nonce"": 2023042653,
","  ""bits"": ""170e2632"",
","  ""difficulty"": 19893045048575.13,
","  ""chainwork"": ""0000000000000000000000000000000000000000225f31417d94aea4909d900f"",
","  ""nTx"": 1533,
","  ""previousblockhash"": ""000000000000000000080be08ee62e6eca5506f3b9b7dffb77402e337c2a4b53"",
","  ""nextblockhash"": ""00000000000000000006a0bcdd2073d75a90118f0894c8bb910bc4ced65d786b""
","}
"
23,"{
","  ""hash"": ""00000000000000000006a0bcdd2073d75a90118f0894c8bb910bc4ced65d786b"",
","  ""confirmations"": 34218,
","  ""height"": 703623,
","  ""version"": 939515904,
","  ""versionHex"": ""37ffe000"",
","  ""merkleroot"": ""79561215db896fc83ba39ad24c0ebc138965d937cb297db1a19a9c772483549f"",
","  ""time"": 1633410279,
","  ""mediantime"": 1633406110,
","  ""nonce"": 1711671577,
","  ""bits"": ""170e2632"",
","  ""difficulty"": 19893045048575.13,
","  ""chainwork"": ""0000000000000000000000000000000000000000225f4359458eab9dae1cf188"",
","  ""nTx"": 589,
","  ""previousblockhash"": ""0000000000000000000cd9184c85600a016820c465fa212506ed7ee212ff6f35"",
","  ""nextblockhash"": ""00000000000000000002c54d060e054ff91db657c4a8d17152104674b860019b""
","}
"
24,"{
","  ""hash"": ""00000000000000000002c54d060e054ff91db657c4a8d17152104674b860019b"",
","  ""confirmations"": 34217,
","  ""height"": 703624,
","  ""version"": 1073733636,
","  ""versionHex"": ""3fffe004"",
","  ""merkleroot"": ""9b9318a408a0692d5c7c96e5faf2affd3cbf65f6c9e851247da782fb8a147dd6"",
","  ""time"": 1633411085,
","  ""mediantime"": 1633406764,
","  ""nonce"": 492098252,
","  ""bits"": ""170e2632"",
","  ""difficulty"": 19893045048575.13,
","  ""chainwork"": ""0000000000000000000000000000000000000000225f55710d88a896cb9c5301"",
","  ""nTx"": 1480,
","  ""previousblockhash"": ""00000000000000000006a0bcdd2073d75a90118f0894c8bb910bc4ced65d786b"",
","  ""nextblockhash"": ""000000000000000000031d15905caef1e0d82910283d112dc465966d381996ab""
","}
"
25,"{
","  ""hash"": ""000000000000000000031d15905caef1e0d82910283d112dc465966d381996ab"",
","  ""confirmations"": 34216,
","  ""height"": 703625,
","  ""version"": 541065220,
","  ""versionHex"": ""20400004"",
","  ""merkleroot"": ""7314d24bb46f480b161a9c0273e8d9038cc8728f5ec590d6f543b38c4f3972bf"",
","  ""time"": 1633411152,
","  ""mediantime"": 1633408946,
","  ""nonce"": 3115529016,
","  ""bits"": ""170e2632"",
","  ""difficulty"": 19893045048575.13,
","  ""chainwork"": ""0000000000000000000000000000000000000000225f6788d582a58fe91bb47a"",
","  ""nTx"": 155,
","  ""previousblockhash"": ""00000000000000000002c54d060e054ff91db657c4a8d17152104674b860019b"",
","  ""nextblockhash"": ""000000000000000000074b791e63be9bf0fdf9729e8301051797b42106d317b7""
","}
"
26,"{
","  ""hash"": ""000000000000000000074b791e63be9bf0fdf9729e8301051797b42106d317b7"",
","  ""confirmations"": 34215,
","  ""height"": 703626,
","  ""version"": 536870916,
","  ""versionHex"": ""20000004"",
","  ""merkleroot"": ""707c8ac133d44dfa55bb03a1812b7e6f632e329942e91a4a77c17314b5811076"",
","  ""time"": 1633412080,
","  ""mediantime"": 1633409910,
","  ""nonce"": 680802202,
","  ""bits"": ""170e2632"",
","  ""difficulty"": 19893045048575.13,
","  ""chainwork"": ""0000000000000000000000000000000000000000225f79a09d7ca289069b15f3"",
","  ""nTx"": 1782,
","  ""previousblockhash"": ""000000000000000000031d15905caef1e0d82910283d112dc465966d381996ab"",
","  ""nextblockhash"": ""00000000000000000001a23f45c9f836d07322d631f8962247869e33e6923de5""
","}
"
27,"{
","  ""hash"": ""00000000000000000001a23f45c9f836d07322d631f8962247869e33e6923de5"",
","  ""confirmations"": 34214,
","  ""height"": 703627,
","  ""version"": 536879108,
","  ""versionHex"": ""20002004"",
","  ""merkleroot"": ""b6523032a6a5674b1144741b36a43bac33f2c50651b94f32248aaa5b5029b741"",
","  ""time"": 1633413654,
","  ""mediantime"": 1633410031,
","  ""nonce"": 802305226,
","  ""bits"": ""170e2632"",
","  ""difficulty"": 19893045048575.13,
","  ""chainwork"": ""0000000000000000000000000000000000000000225f8bb865769f82241a776c"",
","  ""nTx"": 2498,
","  ""previousblockhash"": ""000000000000000000074b791e63be9bf0fdf9729e8301051797b42106d317b7"",
","  ""nextblockhash"": ""00000000000000000003927fd3d3e92d251d475870bb4e7a4915d28f9f899e54""
","}
"
28,"{
","  ""hash"": ""00000000000000000003927fd3d3e92d251d475870bb4e7a4915d28f9f899e54"",
","  ""confirmations"": 34213,
","  ""height"": 703628,
","  ""version"": 536870916,
","  ""versionHex"": ""20000004"",
","  ""merkleroot"": ""19b46bbf8cc481fc14060ec90c06d8bf90015813e9bdaed4b85ba697faee4fae"",
","  ""time"": 1633413871,
","  ""mediantime"": 1633410279,
","  ""nonce"": 1865367988,
","  ""bits"": ""170e2632"",
","  ""difficulty"": 19893045048575.13,
","  ""chainwork"": ""0000000000000000000000000000000000000000225f9dd02d709c7b4199d8e5"",
","  ""nTx"": 415,
","  ""previousblockhash"": ""00000000000000000001a23f45c9f836d07322d631f8962247869e33e6923de5"",
","  ""nextblockhash"": ""0000000000000000000ab3a3b491b2018199d4736f3782a637a37d8b71bb55f8""
","}
"
29,"{
","  ""hash"": ""0000000000000000000ab3a3b491b2018199d4736f3782a637a37d8b71bb55f8"",
","  ""confirmations"": 34212,
","  ""height"": 703629,
","  ""version"": 538968068,
","  ""versionHex"": ""20200004"",
","  ""merkleroot"": ""98af4842ff7ed97c14a212bbcddf3bf55e229d30ed762838cb3a1d70568c1304"",
","  ""time"": 1633414492,
","  ""mediantime"": 1633411085,
","  ""nonce"": 3264971087,
","  ""bits"": ""170e2632"",
","  ""difficulty"": 19893045048575.13,
","  ""chainwork"": ""0000000000000000000000000000000000000000225fafe7f56a99745f193a5e"",
","  ""nTx"": 1031,
","  ""previousblockhash"": ""00000000000000000003927fd3d3e92d251d475870bb4e7a4915d28f9f899e54"",
","  ""nextblockhash"": ""00000000000000000006a64f0f38424b14018b99b71371e66acf3dde8f61292c""
","}
"
30,"{
","  ""hash"": ""00000000000000000006a64f0f38424b14018b99b71371e66acf3dde8f61292c"",
","  ""confirmations"": 34211,
","  ""height"": 703630,
","  ""version"": 547356672,
","  ""versionHex"": ""20a00000"",
","  ""merkleroot"": ""d18bd91428c6566f42b9cfbcda133ff40c0ccb86cdd2bd72776036a2fce4c087"",
","  ""time"": 1633414669,
","  ""mediantime"": 1633411152,
","  ""nonce"": 1932331616,
","  ""bits"": ""170e2632"",
","  ""difficulty"": 19893045048575.13,
","  ""chainwork"": ""0000000000000000000000000000000000000000225fc1ffbd64966d7c989bd7"",
","  ""nTx"": 1886,
","  ""previousblockhash"": ""0000000000000000000ab3a3b491b2018199d4736f3782a637a37d8b71bb55f8"",
","  ""nextblockhash"": ""000000000000000000093e43cfbdb8c6c0860eab22ef77e9625372f7ec0f3f07""
","}
"
31,"{
","  ""hash"": ""000000000000000000093e43cfbdb8c6c0860eab22ef77e9625372f7ec0f3f07"",
","  ""confirmations"": 34210,
","  ""height"": 703631,
","  ""version"": 536879108,
","  ""versionHex"": ""20002004"",
","  ""merkleroot"": ""168c0406bef6a920003d386598b7ee878a2095542d7d84b33c5a9fd099fc9a95"",
","  ""time"": 1633415074,
","  ""mediantime"": 1633412080,
","  ""nonce"": 708210852,
","  ""bits"": ""170e2632"",
","  ""difficulty"": 19893045048575.13,
","  ""chainwork"": ""0000000000000000000000000000000000000000225fd417855e93669a17fd50"",
","  ""nTx"": 1068,
","  ""previousblockhash"": ""00000000000000000006a64f0f38424b14018b99b71371e66acf3dde8f61292c"",
","  ""nextblockhash"": ""0000000000000000000b437339c5a872d84e4ed4722da1d2269182aab944d07b""
","}
"
32,"{
","  ""hash"": ""0000000000000000000b437339c5a872d84e4ed4722da1d2269182aab944d07b"",
","  ""confirmations"": 34209,
","  ""height"": 703632,
","  ""version"": 536870916,
","  ""versionHex"": ""20000004"",
","  ""merkleroot"": ""03a0ca97328f77265049ebfef4fdd6e16b42c9958776280ad990b98524bca82c"",
","  ""time"": 1633415713,
","  ""mediantime"": 1633413654,
","  ""nonce"": 2616554030,
","  ""bits"": ""170e2632"",
","  ""difficulty"": 19893045048575.13,
","  ""chainwork"": ""0000000000000000000000000000000000000000225fe62f4d58905fb7975ec9"",
","  ""nTx"": 1587,
","  ""previousblockhash"": ""000000000000000000093e43cfbdb8c6c0860eab22ef77e9625372f7ec0f3f07"",
","  ""nextblockhash"": ""0000000000000000000368047dcccd4b9e957eaa315b94c7e0a73d37ec4267f9""
","}
"
33,"{
","  ""hash"": ""0000000000000000000368047dcccd4b9e957eaa315b94c7e0a73d37ec4267f9"",
","  ""confirmations"": 34208,
","  ""height"": 703633,
","  ""version"": 939515908,
","  ""versionHex"": ""37ffe004"",
","  ""merkleroot"": ""d0b17291d82fa0f5dbd343bb652087839fa27109faab9a430f202f9816842221"",
","  ""time"": 1633415998,
","  ""mediantime"": 1633413871,
","  ""nonce"": 2465391450,
","  ""bits"": ""170e2632"",
","  ""difficulty"": 19893045048575.13,
","  ""chainwork"": ""0000000000000000000000000000000000000000225ff84715528d58d516c042"",
","  ""nTx"": 1501,
","  ""previousblockhash"": ""0000000000000000000b437339c5a872d84e4ed4722da1d2269182aab944d07b"",
","  ""nextblockhash"": ""00000000000000000007ed132e068c00998cdb94a41bcae3efc129565a9f5c0b""
","}
"
34,"{
","  ""hash"": ""00000000000000000007ed132e068c00998cdb94a41bcae3efc129565a9f5c0b"",
","  ""confirmations"": 34207,
","  ""height"": 703634,
","  ""version"": 538968068,
","  ""versionHex"": ""20200004"",
","  ""merkleroot"": ""e5d9dcc5f92d3d7c659f8dda360cc2665af09aaa097ab2b3b7b5b0a828d50a9a"",
","  ""time"": 1633416641,
","  ""mediantime"": 1633414492,
","  ""nonce"": 4284947000,
","  ""bits"": ""170e2632"",
","  ""difficulty"": 19893045048575.13,
","  ""chainwork"": ""000000000000000000000000000000000000000022600a5edd4c8a51f29621bb"",
","  ""nTx"": 2572,
","  ""previousblockhash"": ""0000000000000000000368047dcccd4b9e957eaa315b94c7e0a73d37ec4267f9"",
","  ""nextblockhash"": ""000000000000000000082a01cb2fcb42e67f8593d8bed530b21000d12a5fe5ca""
","}
"
35,"{
","  ""hash"": ""000000000000000000082a01cb2fcb42e67f8593d8bed530b21000d12a5fe5ca"",
","  ""confirmations"": 34206,
","  ""height"": 703635,
","  ""version"": 702996484,
","  ""versionHex"": ""29e6e004"",
","  ""merkleroot"": ""98a2e1b75fdbbf1d27b7684c851d8b7fc93b6488b8883d49bf4816fdfbde9ee1"",
","  ""time"": 1633417603,
","  ""mediantime"": 1633414669,
","  ""nonce"": 2946696474,
","  ""bits"": ""170e2632"",
","  ""difficulty"": 19893045048575.13,
","  ""chainwork"": ""000000000000000000000000000000000000000022601c76a546874b10158334"",
","  ""nTx"": 2980,
","  ""previousblockhash"": ""00000000000000000007ed132e068c00998cdb94a41bcae3efc129565a9f5c0b"",
","  ""nextblockhash"": ""0000000000000000000a5a04c663d83b7ca4ec2df5ccfb6b0259f45ebdb23b3d""
","}
"
36,"{
","  ""hash"": ""0000000000000000000a5a04c663d83b7ca4ec2df5ccfb6b0259f45ebdb23b3d"",
","  ""confirmations"": 34205,
","  ""height"": 703636,
","  ""version"": 536879108,
","  ""versionHex"": ""20002004"",
","  ""merkleroot"": ""5335f97c56aa1bd5ab3fd4678b1facc7ac249f71832e967ebae91478222b0504"",
","  ""time"": 1633417619,
","  ""mediantime"": 1633415074,
","  ""nonce"": 2810728818,
","  ""bits"": ""170e2632"",
","  ""difficulty"": 19893045048575.13,
","  ""chainwork"": ""000000000000000000000000000000000000000022602e8e6d4084442d94e4ad"",
","  ""nTx"": 525,
","  ""previousblockhash"": ""000000000000000000082a01cb2fcb42e67f8593d8bed530b21000d12a5fe5ca"",
","  ""nextblockhash"": ""0000000000000000000364ac4f665750cf711f19c46dbb55f0c6df038c671f05""
","}
"
37,"{
","  ""hash"": ""0000000000000000000364ac4f665750cf711f19c46dbb55f0c6df038c671f05"",
","  ""confirmations"": 34204,
","  ""height"": 703637,
","  ""version"": 671080452,
","  ""versionHex"": ""27ffe004"",
","  ""merkleroot"": ""fed35aa6437fa9b35b088727f8bdc197bbd290c5eec67325077802b3a182542f"",
","  ""time"": 1633417623,
","  ""mediantime"": 1633415713,
","  ""nonce"": 2928830276,
","  ""bits"": ""170e2632"",
","  ""difficulty"": 19893045048575.13,
","  ""chainwork"": ""0000000000000000000000000000000000000000226040a6353a813d4b144626"",
","  ""nTx"": 16,
","  ""previousblockhash"": ""0000000000000000000a5a04c663d83b7ca4ec2df5ccfb6b0259f45ebdb23b3d"",
","  ""nextblockhash"": ""0000000000000000000de06fdba8ada023b69cd9778d5a8fd2cd0bc018e3b80b""
","}
"
38,"{
","  ""hash"": ""0000000000000000000de06fdba8ada023b69cd9778d5a8fd2cd0bc018e3b80b"",
","  ""confirmations"": 34203,
","  ""height"": 703638,
","  ""version"": 536870916,
","  ""versionHex"": ""20000004"",
","  ""merkleroot"": ""9e6d9ee84050dd926fb4e432ea4f1a1038c5e0274f2b5ab9f20c2972ca6b8231"",
","  ""time"": 1633419163,
","  ""mediantime"": 1633415998,
","  ""nonce"": 1796635919,
","  ""bits"": ""170e2632"",
","  ""difficulty"": 19893045048575.13,
","  ""chainwork"": ""0000000000000000000000000000000000000000226052bdfd347e366893a79f"",
","  ""nTx"": 2888,
","  ""previousblockhash"": ""0000000000000000000364ac4f665750cf711f19c46dbb55f0c6df038c671f05"",
","  ""nextblockhash"": ""00000000000000000001cadebece4aec8b0e2d2bb3dac5873b78e4d0e6e5526d""
","}
"
39,"{
","  ""hash"": ""00000000000000000001cadebece4aec8b0e2d2bb3dac5873b78e4d0e6e5526d"",
","  ""confirmations"": 34202,
","  ""height"": 703639,
","  ""version"": 536879108,
","  ""versionHex"": ""20002004"",
","  ""merkleroot"": ""c7213a7970d1987f22f4327a08a2a198efa07bcd391cef186eb1ff7a71129892"",
","  ""time"": 1633419559,
","  ""mediantime"": 1633416641,
","  ""nonce"": 22925758,
","  ""bits"": ""170e2632"",
","  ""difficulty"": 19893045048575.13,
","  ""chainwork"": ""0000000000000000000000000000000000000000226064d5c52e7b2f86130918"",
","  ""nTx"": 3130,
","  ""previousblockhash"": ""0000000000000000000de06fdba8ada023b69cd9778d5a8fd2cd0bc018e3b80b"",
","  ""nextblockhash"": ""000000000000000000053e41eddf7e96526dbfd4e933073058ebce1334e1e8f3""
","}
"
40,"{
","  ""hash"": ""000000000000000000053e41eddf7e96526dbfd4e933073058ebce1334e1e8f3"",
","  ""confirmations"": 34201,
","  ""height"": 703640,
","  ""version"": 670375940,
","  ""versionHex"": ""27f52004"",
","  ""merkleroot"": ""10433f48510e59ec6ad6bc47d4e26a2a458869fed3267d39c237a6fdc30bf07d"",
","  ""time"": 1633419635,
","  ""mediantime"": 1633417603,
","  ""nonce"": 3223032180,
","  ""bits"": ""170e2632"",
","  ""difficulty"": 19893045048575.13,
","  ""chainwork"": ""0000000000000000000000000000000000000000226076ed8d287828a3926a91"",
","  ""nTx"": 330,
","  ""previousblockhash"": ""00000000000000000001cadebece4aec8b0e2d2bb3dac5873b78e4d0e6e5526d"",
","  ""nextblockhash"": ""0000000000000000000b4166ca7b66175e45fe99046b5eb54034af8d9a4e4a78""
","}
"
41,"{
","  ""hash"": ""0000000000000000000b4166ca7b66175e45fe99046b5eb54034af8d9a4e4a78"",
","  ""confirmations"": 34200,
","  ""height"": 703641,
","  ""version"": 805298180,
","  ""versionHex"": ""2fffe004"",
","  ""merkleroot"": ""3c289cdad6f1699c8bcb1702e5f77613666468d615b1d0e72a19214983241cc5"",
","  ""time"": 1633419638,
","  ""mediantime"": 1633417619,
","  ""nonce"": 4178469394,
","  ""bits"": ""170e2632"",
","  ""difficulty"": 19893045048575.13,
","  ""chainwork"": ""00000000000000000000000000000000000000002260890555227521c111cc0a"",
","  ""nTx"": 26,
","  ""previousblockhash"": ""000000000000000000053e41eddf7e96526dbfd4e933073058ebce1334e1e8f3"",
","  ""nextblockhash"": ""00000000000000000004fad2fbcdb04ce686f1350faef9df6bd44db049561093""
","}
"
42,"{
","  ""hash"": ""00000000000000000004fad2fbcdb04ce686f1350faef9df6bd44db049561093"",
","  ""confirmations"": 34199,
","  ""height"": 703642,
","  ""version"": 939515908,
","  ""versionHex"": ""37ffe004"",
","  ""merkleroot"": ""5da73edaaf0cd7f1247748645af75872e2a5d2dfd02da9f4bc83a3aed7085530"",
","  ""time"": 1633420655,
","  ""mediantime"": 1633417623,
","  ""nonce"": 2796960161,
","  ""bits"": ""170e2632"",
","  ""difficulty"": 19893045048575.13,
","  ""chainwork"": ""000000000000000000000000000000000000000022609b1d1d1c721ade912d83"",
","  ""nTx"": 3368,
","  ""previousblockhash"": ""0000000000000000000b4166ca7b66175e45fe99046b5eb54034af8d9a4e4a78"",
","  ""nextblockhash"": ""000000000000000000086a223011df474eb93b82696f73621ff3432269414e95""
","}
"
43,"{
","  ""hash"": ""000000000000000000086a223011df474eb93b82696f73621ff3432269414e95"",
","  ""confirmations"": 34198,
","  ""height"": 703643,
","  ""version"": 541065220,
","  ""versionHex"": ""20400004"",
","  ""merkleroot"": ""7ab3ffa992cca3a4bf5240924c61f96afc4ee759467d85cbdd63b3e37c68c765"",
","  ""time"": 1633421150,
","  ""mediantime"": 1633419163,
","  ""nonce"": 3836940180,
","  ""bits"": ""170e2632"",
","  ""difficulty"": 19893045048575.13,
","  ""chainwork"": ""00000000000000000000000000000000000000002260ad34e5166f13fc108efc"",
","  ""nTx"": 1584,
","  ""previousblockhash"": ""00000000000000000004fad2fbcdb04ce686f1350faef9df6bd44db049561093"",
","  ""nextblockhash"": ""0000000000000000000a8e83e09be22bd400eb7488ee9875b7406e11eb53ea7c""
","}
"
44,"{
","  ""hash"": ""0000000000000000000a8e83e09be22bd400eb7488ee9875b7406e11eb53ea7c"",
","  ""confirmations"": 34197,
","  ""height"": 703644,
","  ""version"": 536870916,
","  ""versionHex"": ""20000004"",
","  ""merkleroot"": ""a5fda139d11e633f26062db2ca68540a816322c719c4c010d2b6d2d08e36624e"",
","  ""time"": 1633421614,
","  ""mediantime"": 1633419559,
","  ""nonce"": 1855590206,
","  ""bits"": ""170e2632"",
","  ""difficulty"": 19893045048575.13,
","  ""chainwork"": ""00000000000000000000000000000000000000002260bf4cad106c0d198ff075"",
","  ""nTx"": 1665,
","  ""previousblockhash"": ""000000000000000000086a223011df474eb93b82696f73621ff3432269414e95"",
","  ""nextblockhash"": ""00000000000000000001b03717395356a7be0ff4b1bcf9a64071a455103f3e12""
","}
"
45,"{
","  ""hash"": ""00000000000000000001b03717395356a7be0ff4b1bcf9a64071a455103f3e12"",
","  ""confirmations"": 34196,
","  ""height"": 703645,
","  ""version"": 1073733636,
","  ""versionHex"": ""3fffe004"",
","  ""merkleroot"": ""334a757e28e8d2e07bb9e8ae67ad31059a50414c2d1f4e079c1d936ad769da29"",
","  ""time"": 1633422393,
","  ""mediantime"": 1633419635,
","  ""nonce"": 450654747,
","  ""bits"": ""170e2632"",
","  ""difficulty"": 19893045048575.13,
","  ""chainwork"": ""00000000000000000000000000000000000000002260d164750a6906370f51ee"",
","  ""nTx"": 2381,
","  ""previousblockhash"": ""0000000000000000000a8e83e09be22bd400eb7488ee9875b7406e11eb53ea7c"",
","  ""nextblockhash"": ""000000000000000000042c775718039345cf6f16129fed717dbe4d9f33e7151e""
","}
"
46,"{
","  ""hash"": ""000000000000000000042c775718039345cf6f16129fed717dbe4d9f33e7151e"",
","  ""confirmations"": 34195,
","  ""height"": 703646,
","  ""version"": 538968064,
","  ""versionHex"": ""20200000"",
","  ""merkleroot"": ""cafce92be2732c98b1be889b561a4486a2174cf8fb520f0866109a13d6ecc4da"",
","  ""time"": 1633423160,
","  ""mediantime"": 1633419638,
","  ""nonce"": 2713801240,
","  ""bits"": ""170e2632"",
","  ""difficulty"": 19893045048575.13,
","  ""chainwork"": ""00000000000000000000000000000000000000002260e37c3d0465ff548eb367"",
","  ""nTx"": 2513,
","  ""previousblockhash"": ""00000000000000000001b03717395356a7be0ff4b1bcf9a64071a455103f3e12"",
","  ""nextblockhash"": ""000000000000000000012e801a3b415ad2a192deffd88e8536fe9ef5112545d7""
","}
"
47,"{
","  ""hash"": ""000000000000000000012e801a3b415ad2a192deffd88e8536fe9ef5112545d7"",
","  ""confirmations"": 34194,
","  ""height"": 703647,
","  ""version"": 547356676,
","  ""versionHex"": ""20a00004"",
","  ""merkleroot"": ""6db50c890400b1cfd8323bb69ef5b9c2db3491255150e4db82b490f4132da5c8"",
","  ""time"": 1633424241,
","  ""mediantime"": 1633420655,
","  ""nonce"": 1593039712,
","  ""bits"": ""170e2632"",
","  ""difficulty"": 19893045048575.13,
","  ""chainwork"": ""00000000000000000000000000000000000000002260f59404fe62f8720e14e0"",
","  ""nTx"": 3000,
","  ""previousblockhash"": ""000000000000000000042c775718039345cf6f16129fed717dbe4d9f33e7151e"",
","  ""nextblockhash"": ""00000000000000000000c61039c50ae1fc075bbe32918023f61671496d67681d""
","}
"
48,"{
","  ""hash"": ""00000000000000000000c61039c50ae1fc075bbe32918023f61671496d67681d"",
","  ""confirmations"": 34193,
","  ""height"": 703648,
","  ""version"": 536870916,
","  ""versionHex"": ""20000004"",
","  ""merkleroot"": ""039daa00f7b6993a0748a4b70fac1bfa139c6a69dd800a6b49a14ec295cd92ff"",
","  ""time"": 1633425023,
","  ""mediantime"": 1633421150,
","  ""nonce"": 3607638309,
","  ""bits"": ""170e2632"",
","  ""difficulty"": 19893045048575.13,
","  ""chainwork"": ""0000000000000000000000000000000000000000226107abccf85ff18f8d7659"",
","  ""nTx"": 2934,
","  ""previousblockhash"": ""000000000000000000012e801a3b415ad2a192deffd88e8536fe9ef5112545d7"",
","  ""nextblockhash"": ""000000000000000000018dc30378a7d580c45ae3de35e046a16fec8c357a0e81""
","}
"
49,"{
","  ""hash"": ""000000000000000000018dc30378a7d580c45ae3de35e046a16fec8c357a0e81"",
","  ""confirmations"": 34192,
","  ""height"": 703649,
","  ""version"": 1073676292,
","  ""versionHex"": ""3fff0004"",
","  ""merkleroot"": ""2fdeaf61ce12e08a29267fcc6c9ba33fd8f5f6e831ae0416d274d02ea383bade"",
","  ""time"": 1633425625,
","  ""mediantime"": 1633421614,
","  ""nonce"": 1714755843,
","  ""bits"": ""170e2632"",
","  ""difficulty"": 19893045048575.13,
","  ""chainwork"": ""0000000000000000000000000000000000000000226119c394f25ceaad0cd7d2"",
","  ""nTx"": 2042,
","  ""previousblockhash"": ""00000000000000000000c61039c50ae1fc075bbe32918023f61671496d67681d"",
","  ""nextblockhash"": ""00000000000000000006e2f7f583b1145920440c5a1c96f78bb80dcd6433b3f0""
","}
"
50,"{
","  ""hash"": ""00000000000000000006e2f7f583b1145920440c5a1c96f78bb80dcd6433b3f0"",
","  ""confirmations"": 34191,
","  ""height"": 703650,
","  ""version"": 805298180,
","  ""versionHex"": ""2fffe004"",
","  ""merkleroot"": ""7922d582f99b6db2a6210a7f7f9eb7091831c44e3a96a5fcf3e0dc3539ad7d53"",
","  ""time"": 1633426428,
","  ""mediantime"": 1633422393,
","  ""nonce"": 1299156431,
","  ""bits"": ""170e2632"",
","  ""difficulty"": 19893045048575.13,
","  ""chainwork"": ""000000000000000000000000000000000000000022612bdb5cec59e3ca8c394b"",
","  ""nTx"": 2612,
","  ""previousblockhash"": ""000000000000000000018dc30378a7d580c45ae3de35e046a16fec8c357a0e81"",
","  ""nextblockhash"": ""0000000000000000000d6b8d16851f7bc690da83817db2799a698930dee95559""
","}
"
51,"{
","  ""hash"": ""0000000000000000000d6b8d16851f7bc690da83817db2799a698930dee95559"",
","  ""confirmations"": 34190,
","  ""height"": 703651,
","  ""version"": 805298180,
","  ""versionHex"": ""2fffe004"",
","  ""merkleroot"": ""ed40af2fbe5a52ea4a0168dd5fff78d7aff9cf28cc9ac81b5c0b820d3918eb57"",
","  ""time"": 1633427324,
","  ""mediantime"": 1633423160,
","  ""nonce"": 1779193230,
","  ""bits"": ""170e2632"",
","  ""difficulty"": 19893045048575.13,
","  ""chainwork"": ""000000000000000000000000000000000000000022613df324e656dce80b9ac4"",
","  ""nTx"": 2873,
","  ""previousblockhash"": ""00000000000000000006e2f7f583b1145920440c5a1c96f78bb80dcd6433b3f0"",
","  ""nextblockhash"": ""0000000000000000000915d9118974cd57d0648c6873ee5dbab328cbe3839350""
","}
"
52,"{
","  ""hash"": ""0000000000000000000915d9118974cd57d0648c6873ee5dbab328cbe3839350"",
","  ""confirmations"": 34189,
","  ""height"": 703652,
","  ""version"": 1073676292,
","  ""versionHex"": ""3fff0004"",
","  ""merkleroot"": ""8c43b0e8644c294316399f8d575274b1f4c589e8c6172bf8751a9b88855f6e96"",
","  ""time"": 1633427397,
","  ""mediantime"": 1633424241,
","  ""nonce"": 567514766,
","  ""bits"": ""170e2632"",
","  ""difficulty"": 19893045048575.13,
","  ""chainwork"": ""00000000000000000000000000000000000000002261500aece053d6058afc3d"",
","  ""nTx"": 507,
","  ""previousblockhash"": ""0000000000000000000d6b8d16851f7bc690da83817db2799a698930dee95559"",
","  ""nextblockhash"": ""000000000000000000017110d45c654147e5c4d91a8e44ed7942c5c442ecd100""
","}
"
53,"{
","  ""hash"": ""000000000000000000017110d45c654147e5c4d91a8e44ed7942c5c442ecd100"",
","  ""confirmations"": 34188,
","  ""height"": 703653,
","  ""version"": 536870912,
","  ""versionHex"": ""20000000"",
","  ""merkleroot"": ""b6c0b6a33c067e4d3772a5566834ab1e279ab4189a6bd477046364ba29619445"",
","  ""time"": 1633427439,
","  ""mediantime"": 1633425023,
","  ""nonce"": 113231913,
","  ""bits"": ""170e2632"",
","  ""difficulty"": 19893045048575.13,
","  ""chainwork"": ""000000000000000000000000000000000000000022616222b4da50cf230a5db6"",
","  ""nTx"": 447,
","  ""previousblockhash"": ""0000000000000000000915d9118974cd57d0648c6873ee5dbab328cbe3839350"",
","  ""nextblockhash"": ""00000000000000000005a66de22c7567a64f59786ef6020dd1b156cbf30e2248""
","}
"
54,"{
","  ""hash"": ""00000000000000000005a66de22c7567a64f59786ef6020dd1b156cbf30e2248"",
","  ""confirmations"": 34187,
","  ""height"": 703654,
","  ""version"": 547356676,
","  ""versionHex"": ""20a00004"",
","  ""merkleroot"": ""d49c9fc9367dffe198e036e4b1012a7563a4d0ff2f9fdc9209104bdb294dad67"",
","  ""time"": 1633427498,
","  ""mediantime"": 1633425625,
","  ""nonce"": 1579040557,
","  ""bits"": ""170e2632"",
","  ""difficulty"": 19893045048575.13,
","  ""chainwork"": ""00000000000000000000000000000000000000002261743a7cd44dc84089bf2f"",
","  ""nTx"": 518,
","  ""previousblockhash"": ""000000000000000000017110d45c654147e5c4d91a8e44ed7942c5c442ecd100"",
","  ""nextblockhash"": ""0000000000000000000d199a7b26527a61b6040d638077650002a45759c9ccf6""
","}
"
55,"{
","  ""hash"": ""0000000000000000000d199a7b26527a61b6040d638077650002a45759c9ccf6"",
","  ""confirmations"": 34186,
","  ""height"": 703655,
","  ""version"": 551550976,
","  ""versionHex"": ""20e00000"",
","  ""merkleroot"": ""7eab2aaa923b7aeddd2da33602e8b82223fef60e7c3f2e17d325316fc61ed206"",
","  ""time"": 1633427744,
","  ""mediantime"": 1633426428,
","  ""nonce"": 1940926752,
","  ""bits"": ""170e2632"",
","  ""difficulty"": 19893045048575.13,
","  ""chainwork"": ""00000000000000000000000000000000000000002261865244ce4ac15e0920a8"",
","  ""nTx"": 1028,
","  ""previousblockhash"": ""00000000000000000005a66de22c7567a64f59786ef6020dd1b156cbf30e2248"",
","  ""nextblockhash"": ""00000000000000000003c51f5e2139ec1e344b61b2cb92604e44312a2cd1e48b""
","}
"
56,"{
","  ""hash"": ""00000000000000000003c51f5e2139ec1e344b61b2cb92604e44312a2cd1e48b"",
","  ""confirmations"": 34185,
","  ""height"": 703656,
","  ""version"": 939515908,
","  ""versionHex"": ""37ffe004"",
","  ""merkleroot"": ""cb22721da004a335f2ba584066fa9e71442747b2ecb48c96231a0052d57c358d"",
","  ""time"": 1633428133,
","  ""mediantime"": 1633427324,
","  ""nonce"": 777916755,
","  ""bits"": ""170e2632"",
","  ""difficulty"": 19893045048575.13,
","  ""chainwork"": ""00000000000000000000000000000000000000002261986a0cc847ba7b888221"",
","  ""nTx"": 2076,
","  ""previousblockhash"": ""0000000000000000000d199a7b26527a61b6040d638077650002a45759c9ccf6"",
","  ""nextblockhash"": ""000000000000000000042fe643d4c50cfcba19a20590fcd74feb56b79e06b872""
","}
"
57,"{
","  ""hash"": ""000000000000000000042fe643d4c50cfcba19a20590fcd74feb56b79e06b872"",
","  ""confirmations"": 34184,
","  ""height"": 703657,
","  ""version"": 536870916,
","  ""versionHex"": ""20000004"",
","  ""merkleroot"": ""7373f1badc6ab383e9fcd003d8912f6bc27f7426592fec9dc7f59b9d412da61b"",
","  ""time"": 1633428785,
","  ""mediantime"": 1633427397,
","  ""nonce"": 1262654216,
","  ""bits"": ""170e2632"",
","  ""difficulty"": 19893045048575.13,
","  ""chainwork"": ""00000000000000000000000000000000000000002261aa81d4c244b39907e39a"",
","  ""nTx"": 2261,
","  ""previousblockhash"": ""00000000000000000003c51f5e2139ec1e344b61b2cb92604e44312a2cd1e48b"",
","  ""nextblockhash"": ""00000000000000000007d167030d6d2424640ccdc599eb41977bd3127432d9fc""
","}
"
58,"{
","  ""hash"": ""00000000000000000007d167030d6d2424640ccdc599eb41977bd3127432d9fc"",
","  ""confirmations"": 34183,
","  ""height"": 703658,
","  ""version"": 547356676,
","  ""versionHex"": ""20a00004"",
","  ""merkleroot"": ""59adb82acc7305d03837682ec96b02d7bed129572692fd2beb73c7dbbc57b950"",
","  ""time"": 1633429205,
","  ""mediantime"": 1633427439,
","  ""nonce"": 4186268818,
","  ""bits"": ""170e2632"",
","  ""difficulty"": 19893045048575.13,
","  ""chainwork"": ""00000000000000000000000000000000000000002261bc999cbc41acb6874513"",
","  ""nTx"": 2141,
","  ""previousblockhash"": ""000000000000000000042fe643d4c50cfcba19a20590fcd74feb56b79e06b872"",
","  ""nextblockhash"": ""000000000000000000022f18e3da9c7fcae784b7d433adf62a09a51959c08362""
","}
"
59,"{
","  ""hash"": ""000000000000000000022f18e3da9c7fcae784b7d433adf62a09a51959c08362"",
","  ""confirmations"": 34182,
","  ""height"": 703659,
","  ""version"": 536870916,
","  ""versionHex"": ""20000004"",
","  ""merkleroot"": ""073a5fc45243dc6d3673fb75c55a81403e6a206a38a169af2e049302517333a1"",
","  ""time"": 1633429316,
","  ""mediantime"": 1633427498,
","  ""nonce"": 2862997420,
","  ""bits"": ""170e2632"",
","  ""difficulty"": 19893045048575.13,
","  ""chainwork"": ""00000000000000000000000000000000000000002261ceb164b63ea5d406a68c"",
","  ""nTx"": 500,
","  ""previousblockhash"": ""00000000000000000007d167030d6d2424640ccdc599eb41977bd3127432d9fc"",
","  ""nextblockhash"": ""0000000000000000000d6acfc8cba211dadb5bf7f9ee01ae4adb92efd468a9be""
","}
"
60,"{
","  ""hash"": ""0000000000000000000d6acfc8cba211dadb5bf7f9ee01ae4adb92efd468a9be"",
","  ""confirmations"": 34181,
","  ""height"": 703660,
","  ""version"": 541065220,
","  ""versionHex"": ""20400004"",
","  ""merkleroot"": ""c507213528476f4c8dae7299193f6b44690cdffd38f1991aeee32d648969c7f1"",
","  ""time"": 1633429604,
","  ""mediantime"": 1633427744,
","  ""nonce"": 2545183000,
","  ""bits"": ""170e2632"",
","  ""difficulty"": 19893045048575.13,
","  ""chainwork"": ""00000000000000000000000000000000000000002261e0c92cb03b9ef1860805"",
","  ""nTx"": 1341,
","  ""previousblockhash"": ""000000000000000000022f18e3da9c7fcae784b7d433adf62a09a51959c08362"",
","  ""nextblockhash"": ""0000000000000000000ca2b73063e9ebe201f30330f84279983ae3bf56be4eb3""
","}
"
61,"{
","  ""hash"": ""0000000000000000000ca2b73063e9ebe201f30330f84279983ae3bf56be4eb3"",
","  ""confirmations"": 34180,
","  ""height"": 703661,
","  ""version"": 805298180,
","  ""versionHex"": ""2fffe004"",
","  ""merkleroot"": ""9ff3ee3f873ba4c160431f13af5f3b2b2053e88d25a066c1556b6561c4f311a0"",
","  ""time"": 1633429740,
","  ""mediantime"": 1633428133,
","  ""nonce"": 377379692,
","  ""bits"": ""170e2632"",
","  ""difficulty"": 19893045048575.13,
","  ""chainwork"": ""00000000000000000000000000000000000000002261f2e0f4aa38980f05697e"",
","  ""nTx"": 543,
","  ""previousblockhash"": ""0000000000000000000d6acfc8cba211dadb5bf7f9ee01ae4adb92efd468a9be"",
","  ""nextblockhash"": ""00000000000000000004f2d41496c82921a92e37ed9e80c87df7f8d4264283e4""
","}
"
62,"{
","  ""hash"": ""00000000000000000004f2d41496c82921a92e37ed9e80c87df7f8d4264283e4"",
","  ""confirmations"": 34179,
","  ""height"": 703662,
","  ""version"": 1073733636,
","  ""versionHex"": ""3fffe004"",
","  ""merkleroot"": ""4abbd5e11aa7102c340f95750b34aa2857cf82c2711087d2c7c2bb0de91f2cc7"",
","  ""time"": 1633430066,
","  ""mediantime"": 1633428785,
","  ""nonce"": 1179938291,
","  ""bits"": ""170e2632"",
","  ""difficulty"": 19893045048575.13,
","  ""chainwork"": ""0000000000000000000000000000000000000000226204f8bca435912c84caf7"",
","  ""nTx"": 1356,
","  ""previousblockhash"": ""0000000000000000000ca2b73063e9ebe201f30330f84279983ae3bf56be4eb3"",
","  ""nextblockhash"": ""000000000000000000058f674bc3f82b56a913879bb060f7ebd817fed5f52a06""
","}
"
63,"{
","  ""hash"": ""000000000000000000058f674bc3f82b56a913879bb060f7ebd817fed5f52a06"",
","  ""confirmations"": 34178,
","  ""height"": 703663,
","  ""version"": 543162372,
","  ""versionHex"": ""20600004"",
","  ""merkleroot"": ""dbeed15c7a1180f430ec1c2fc72c3be193d43c55e70c5065e669124ec4903dde"",
","  ""time"": 1633430247,
","  ""mediantime"": 1633429205,
","  ""nonce"": 1099212826,
","  ""bits"": ""170e2632"",
","  ""difficulty"": 19893045048575.13,
","  ""chainwork"": ""000000000000000000000000000000000000000022621710849e328a4a042c70"",
","  ""nTx"": 785,
","  ""previousblockhash"": ""00000000000000000004f2d41496c82921a92e37ed9e80c87df7f8d4264283e4"",
","  ""nextblockhash"": ""000000000000000000079ca704398eca2bd69b4816a49f14e0f9b80441768a16""
","}
"
64,"{
","  ""hash"": ""000000000000000000079ca704398eca2bd69b4816a49f14e0f9b80441768a16"",
","  ""confirmations"": 34177,
","  ""height"": 703664,
","  ""version"": 549453828,
","  ""versionHex"": ""20c00004"",
","  ""merkleroot"": ""f6311df2582b615b96a759f20cd9af7eebd227744a909a2d5db20c53d0c6fd69"",
","  ""time"": 1633430376,
","  ""mediantime"": 1633429316,
","  ""nonce"": 4048081268,
","  ""bits"": ""170e2632"",
","  ""difficulty"": 19893045048575.13,
","  ""chainwork"": ""0000000000000000000000000000000000000000226229284c982f8367838de9"",
","  ""nTx"": 504,
","  ""previousblockhash"": ""000000000000000000058f674bc3f82b56a913879bb060f7ebd817fed5f52a06"",
","  ""nextblockhash"": ""0000000000000000000a57c6d723e30877759aec9182247d5eba6a1aae1b1448""
","}
"
65,"{
","  ""hash"": ""0000000000000000000a57c6d723e30877759aec9182247d5eba6a1aae1b1448"",
","  ""confirmations"": 34176,
","  ""height"": 703665,
","  ""version"": 536870916,
","  ""versionHex"": ""20000004"",
","  ""merkleroot"": ""23f6dbf5db3c7249569edb68adcf75bff1745cab2a2d9a640d2370269c4f8775"",
","  ""time"": 1633430531,
","  ""mediantime"": 1633429604,
","  ""nonce"": 1289190281,
","  ""bits"": ""170e2632"",
","  ""difficulty"": 19893045048575.13,
","  ""chainwork"": ""000000000000000000000000000000000000000022623b4014922c7c8502ef62"",
","  ""nTx"": 707,
","  ""previousblockhash"": ""000000000000000000079ca704398eca2bd69b4816a49f14e0f9b80441768a16"",
","  ""nextblockhash"": ""00000000000000000007405d5bfbec3bd90314fd38f528fdd8fb31add387fb5d""
","}
"
66,"{
","  ""hash"": ""00000000000000000007405d5bfbec3bd90314fd38f528fdd8fb31add387fb5d"",
","  ""confirmations"": 34175,
","  ""height"": 703666,
","  ""version"": 538968064,
","  ""versionHex"": ""20200000"",
","  ""merkleroot"": ""117e22b67fd2581a480f34db3e073d2bc0f33e6a6a6dbbd49b3600e6d58f77a3"",
","  ""time"": 1633431276,
","  ""mediantime"": 1633429740,
","  ""nonce"": 4236739940,
","  ""bits"": ""170e2632"",
","  ""difficulty"": 19893045048575.13,
","  ""chainwork"": ""000000000000000000000000000000000000000022624d57dc8c2975a28250db"",
","  ""nTx"": 2540,
","  ""previousblockhash"": ""0000000000000000000a57c6d723e30877759aec9182247d5eba6a1aae1b1448"",
","  ""nextblockhash"": ""0000000000000000000dcab109aeb88737b6dbe707428d841c9f507d5b4f6575""
","}
"
67,"{
","  ""hash"": ""0000000000000000000dcab109aeb88737b6dbe707428d841c9f507d5b4f6575"",
","  ""confirmations"": 34174,
","  ""height"": 703667,
","  ""version"": 536895492,
","  ""versionHex"": ""20006004"",
","  ""merkleroot"": ""ccb0384daa0fc3b259c4d4447c31bf9291c75b4ee2afa89349f4182b4932bb0b"",
","  ""time"": 1633431700,
","  ""mediantime"": 1633430066,
","  ""nonce"": 267858365,
","  ""bits"": ""170e2632"",
","  ""difficulty"": 19893045048575.13,
","  ""chainwork"": ""000000000000000000000000000000000000000022625f6fa486266ec001b254"",
","  ""nTx"": 2181,
","  ""previousblockhash"": ""00000000000000000007405d5bfbec3bd90314fd38f528fdd8fb31add387fb5d"",
","  ""nextblockhash"": ""000000000000000000037c87dbc177e755f64b5b4f08701c390ec2d23aa00d9b""
","}
"
68,"{
","  ""hash"": ""000000000000000000037c87dbc177e755f64b5b4f08701c390ec2d23aa00d9b"",
","  ""confirmations"": 34173,
","  ""height"": 703668,
","  ""version"": 939515908,
","  ""versionHex"": ""37ffe004"",
","  ""merkleroot"": ""35b14f648123de93dd2ff17753fdebacb369b1e3ace05e63ce2c0d2f4139a1ce"",
","  ""time"": 1633431737,
","  ""mediantime"": 1633430247,
","  ""nonce"": 170322974,
","  ""bits"": ""170e2632"",
","  ""difficulty"": 19893045048575.13,
","  ""chainwork"": ""0000000000000000000000000000000000000000226271876c802367dd8113cd"",
","  ""nTx"": 216,
","  ""previousblockhash"": ""0000000000000000000dcab109aeb88737b6dbe707428d841c9f507d5b4f6575"",
","  ""nextblockhash"": ""00000000000000000007522a4867596cb71469fb823f0ea63ae44ed89678b1b6""
","}
"
69,"{
","  ""hash"": ""00000000000000000007522a4867596cb71469fb823f0ea63ae44ed89678b1b6"",
","  ""confirmations"": 34172,
","  ""height"": 703669,
","  ""version"": 536870916,
","  ""versionHex"": ""20000004"",
","  ""merkleroot"": ""ff985ece125aba2a88b03932c5603585d6216feeb7447794a963abbeac507791"",
","  ""time"": 1633434621,
","  ""mediantime"": 1633430376,
","  ""nonce"": 292681120,
","  ""bits"": ""170e2632"",
","  ""difficulty"": 19893045048575.13,
","  ""chainwork"": ""00000000000000000000000000000000000000002262839f347a2060fb007546"",
","  ""nTx"": 2472,
","  ""previousblockhash"": ""000000000000000000037c87dbc177e755f64b5b4f08701c390ec2d23aa00d9b"",
","  ""nextblockhash"": ""0000000000000000000acdcf6a00712dc52cf70c474c1384338aa1bf5c2b18cc""
","}
"
70,"{
","  ""hash"": ""0000000000000000000acdcf6a00712dc52cf70c474c1384338aa1bf5c2b18cc"",
","  ""confirmations"": 34171,
","  ""height"": 703670,
","  ""version"": 536928260,
","  ""versionHex"": ""2000e004"",
","  ""merkleroot"": ""e73595b7187b1f6014984005de1385f3f711cdedabf7a19d0d1efea8f1211585"",
","  ""time"": 1633434656,
","  ""mediantime"": 1633430531,
","  ""nonce"": 598138997,
","  ""bits"": ""170e2632"",
","  ""difficulty"": 19893045048575.13,
","  ""chainwork"": ""0000000000000000000000000000000000000000226295b6fc741d5a187fd6bf"",
","  ""nTx"": 3840,
","  ""previousblockhash"": ""00000000000000000007522a4867596cb71469fb823f0ea63ae44ed89678b1b6"",
","  ""nextblockhash"": ""0000000000000000000828b0f983e43a85f51587803367bc343299533e91b961""
","}
"
71,"{
","  ""hash"": ""0000000000000000000828b0f983e43a85f51587803367bc343299533e91b961"",
","  ""confirmations"": 34170,
","  ""height"": 703671,
","  ""version"": 536870916,
","  ""versionHex"": ""20000004"",
","  ""merkleroot"": ""d01a19e8c1730dcffc3286743bd7e098773de997ccfd6dc9c2ce20f76975e4e8"",
","  ""time"": 1633435022,
","  ""mediantime"": 1633431276,
","  ""nonce"": 2841751011,
","  ""bits"": ""170e2632"",
","  ""difficulty"": 19893045048575.13,
","  ""chainwork"": ""00000000000000000000000000000000000000002262a7cec46e1a5335ff3838"",
","  ""nTx"": 2853,
","  ""previousblockhash"": ""0000000000000000000acdcf6a00712dc52cf70c474c1384338aa1bf5c2b18cc"",
","  ""nextblockhash"": ""000000000000000000001ab6180cab9015764e63f8993d8229a2c732fe83dc3c""
","}
"
72,"{
","  ""hash"": ""000000000000000000001ab6180cab9015764e63f8993d8229a2c732fe83dc3c"",
","  ""confirmations"": 34169,
","  ""height"": 703672,
","  ""version"": 536870916,
","  ""versionHex"": ""20000004"",
","  ""merkleroot"": ""7c3efab6dd3ffde0867d23ae937eb5fdc1e2e13642d502f2b428d2f59403193f"",
","  ""time"": 1633435945,
","  ""mediantime"": 1633431700,
","  ""nonce"": 3000033797,
","  ""bits"": ""170e2632"",
","  ""difficulty"": 19893045048575.13,
","  ""chainwork"": ""00000000000000000000000000000000000000002262b9e68c68174c537e99b1"",
","  ""nTx"": 2741,
","  ""previousblockhash"": ""0000000000000000000828b0f983e43a85f51587803367bc343299533e91b961"",
","  ""nextblockhash"": ""0000000000000000000c1efc6e5b71a064374b5148d572433d12a28e06731c2e""
","}
"
73,"{
","  ""hash"": ""0000000000000000000c1efc6e5b71a064374b5148d572433d12a28e06731c2e"",
","  ""confirmations"": 34168,
","  ""height"": 703673,
","  ""version"": 541065220,
","  ""versionHex"": ""20400004"",
","  ""merkleroot"": ""f455df522b2a83cb5f218493dcd0426ff5edc821256afddfe05dea9cda402505"",
","  ""time"": 1633437891,
","  ""mediantime"": 1633431737,
","  ""nonce"": 1959926575,
","  ""bits"": ""170e2632"",
","  ""difficulty"": 19893045048575.13,
","  ""chainwork"": ""00000000000000000000000000000000000000002262cbfe5462144570fdfb2a"",
","  ""nTx"": 3062,
","  ""previousblockhash"": ""000000000000000000001ab6180cab9015764e63f8993d8229a2c732fe83dc3c"",
","  ""nextblockhash"": ""0000000000000000000a4f99913767b9c730d9ce77b2d3238a4d7d169a2fd637""
","}
"
74,"{
","  ""hash"": ""0000000000000000000a4f99913767b9c730d9ce77b2d3238a4d7d169a2fd637"",
","  ""confirmations"": 34167,
","  ""height"": 703674,
","  ""version"": 1073676292,
","  ""versionHex"": ""3fff0004"",
","  ""merkleroot"": ""ad28bd21688e0352aaf105c8597cb6f2feccf003a9c13b701ea084e1e818f345"",
","  ""time"": 1633438189,
","  ""mediantime"": 1633434621,
","  ""nonce"": 1380686446,
","  ""bits"": ""170e2632"",
","  ""difficulty"": 19893045048575.13,
","  ""chainwork"": ""00000000000000000000000000000000000000002262de161c5c113e8e7d5ca3"",
","  ""nTx"": 2381,
","  ""previousblockhash"": ""0000000000000000000c1efc6e5b71a064374b5148d572433d12a28e06731c2e"",
","  ""nextblockhash"": ""0000000000000000000ced5564437dfeb975fe7a7c75dec8d9153d32a44c4d1c""
","}
"
75,"{
","  ""hash"": ""0000000000000000000ced5564437dfeb975fe7a7c75dec8d9153d32a44c4d1c"",
","  ""confirmations"": 34166,
","  ""height"": 703675,
","  ""version"": 549453828,
","  ""versionHex"": ""20c00004"",
","  ""merkleroot"": ""8eb58c180ccb769d313d03adf0ffb2079ffefac2a644c41002f0ed7e063c99d2"",
","  ""time"": 1633439201,
","  ""mediantime"": 1633434656,
","  ""nonce"": 2795996820,
","  ""bits"": ""170e2632"",
","  ""difficulty"": 19893045048575.13,
","  ""chainwork"": ""00000000000000000000000000000000000000002262f02de4560e37abfcbe1c"",
","  ""nTx"": 2574,
","  ""previousblockhash"": ""0000000000000000000a4f99913767b9c730d9ce77b2d3238a4d7d169a2fd637"",
","  ""nextblockhash"": ""000000000000000000095efe8a1c0b7959387a2dd60886d560de011b6b6d156d""
","}
"
76,"{
","  ""hash"": ""000000000000000000095efe8a1c0b7959387a2dd60886d560de011b6b6d156d"",
","  ""confirmations"": 34165,
","  ""height"": 703676,
","  ""version"": 545259524,
","  ""versionHex"": ""20800004"",
","  ""merkleroot"": ""f1918982afeec5f5b2591efaec30f5c802ad709e3d80d71ef50ed4ef336cfb8e"",
","  ""time"": 1633439577,
","  ""mediantime"": 1633435022,
","  ""nonce"": 1604749824,
","  ""bits"": ""170e2632"",
","  ""difficulty"": 19893045048575.13,
","  ""chainwork"": ""000000000000000000000000000000000000000022630245ac500b30c97c1f95"",
","  ""nTx"": 1880,
","  ""previousblockhash"": ""0000000000000000000ced5564437dfeb975fe7a7c75dec8d9153d32a44c4d1c"",
","  ""nextblockhash"": ""00000000000000000004081ed969c7f73b77c32b2e7316d0d1b8c41c427af60a""
","}
"
77,"{
","  ""hash"": ""00000000000000000004081ed969c7f73b77c32b2e7316d0d1b8c41c427af60a"",
","  ""confirmations"": 34164,
","  ""height"": 703677,
","  ""version"": 536870916,
","  ""versionHex"": ""20000004"",
","  ""merkleroot"": ""79f763b1ead3c2208ad8a7925c6e8196dabf357bad14eec5817d03bc354a1cf5"",
","  ""time"": 1633439962,
","  ""mediantime"": 1633435945,
","  ""nonce"": 184361940,
","  ""bits"": ""170e2632"",
","  ""difficulty"": 19893045048575.13,
","  ""chainwork"": ""00000000000000000000000000000000000000002263145d744a0829e6fb810e"",
","  ""nTx"": 2751,
","  ""previousblockhash"": ""000000000000000000095efe8a1c0b7959387a2dd60886d560de011b6b6d156d"",
","  ""nextblockhash"": ""00000000000000000005cc581c88e676c5aa6d90b6cf800a2592c7c9b953ebe5""
","}
"
78,"{
","  ""hash"": ""00000000000000000005cc581c88e676c5aa6d90b6cf800a2592c7c9b953ebe5"",
","  ""confirmations"": 34163,
","  ""height"": 703678,
","  ""version"": 541065220,
","  ""versionHex"": ""20400004"",
","  ""merkleroot"": ""3b97b1557b5864e2873ea004f79f87fe06b0380a74cc22d91aac9c37e6c0d32a"",
","  ""time"": 1633442329,
","  ""mediantime"": 1633437891,
","  ""nonce"": 2765493385,
","  ""bits"": ""170e2632"",
","  ""difficulty"": 19893045048575.13,
","  ""chainwork"": ""0000000000000000000000000000000000000000226326753c440523047ae287"",
","  ""nTx"": 2209,
","  ""previousblockhash"": ""00000000000000000004081ed969c7f73b77c32b2e7316d0d1b8c41c427af60a"",
","  ""nextblockhash"": ""00000000000000000004aea2d0b9f32a9b680c0ef76eaf6d0600c623956cc893""
","}
"
79,"{
","  ""hash"": ""00000000000000000004aea2d0b9f32a9b680c0ef76eaf6d0600c623956cc893"",
","  ""confirmations"": 34162,
","  ""height"": 703679,
","  ""version"": 541065220,
","  ""versionHex"": ""20400004"",
","  ""merkleroot"": ""58c40a26c83cd551dde5adc3298542316a39d47b8c03a31d04cde569274d055c"",
","  ""time"": 1633442598,
","  ""mediantime"": 1633438189,
","  ""nonce"": 2164106646,
","  ""bits"": ""170e2632"",
","  ""difficulty"": 19893045048575.13,
","  ""chainwork"": ""00000000000000000000000000000000000000002263388d043e021c21fa4400"",
","  ""nTx"": 2151,
","  ""previousblockhash"": ""00000000000000000005cc581c88e676c5aa6d90b6cf800a2592c7c9b953ebe5"",
","  ""nextblockhash"": ""000000000000000000032aca344c9550895fa8c82e9ede4ad9fc69aab1b732c9""
","}
"
80,"{
","  ""hash"": ""000000000000000000032aca344c9550895fa8c82e9ede4ad9fc69aab1b732c9"",
","  ""confirmations"": 34161,
","  ""height"": 703680,
","  ""version"": 536870916,
","  ""versionHex"": ""20000004"",
","  ""merkleroot"": ""129f42620ea5ac49c0c9b36f728f21e75d32163b62ae4430095d763d78e8b976"",
","  ""time"": 1633443548,
","  ""mediantime"": 1633439201,
","  ""nonce"": 1863007516,
","  ""bits"": ""170e2632"",
","  ""difficulty"": 19893045048575.13,
","  ""chainwork"": ""000000000000000000000000000000000000000022634aa4cc37ff153f79a579"",
","  ""nTx"": 3468,
","  ""previousblockhash"": ""00000000000000000004aea2d0b9f32a9b680c0ef76eaf6d0600c623956cc893"",
","  ""nextblockhash"": ""00000000000000000009f6dc23068ad583207aaafca607d7031ca7d84157683b""
","}
"
81,"{
","  ""hash"": ""00000000000000000009f6dc23068ad583207aaafca607d7031ca7d84157683b"",
","  ""confirmations"": 34160,
","  ""height"": 703681,
","  ""version"": 671080452,
","  ""versionHex"": ""27ffe004"",
","  ""merkleroot"": ""176822eea0b328136d3cd41eb8f04dfd18e40b3a4c15d67e20468ca0e404c45e"",
","  ""time"": 1633443642,
","  ""mediantime"": 1633439577,
","  ""nonce"": 422849217,
","  ""bits"": ""170e2632"",
","  ""difficulty"": 19893045048575.13,
","  ""chainwork"": ""000000000000000000000000000000000000000022635cbc9431fc0e5cf906f2"",
","  ""nTx"": 2185,
","  ""previousblockhash"": ""000000000000000000032aca344c9550895fa8c82e9ede4ad9fc69aab1b732c9"",
","  ""nextblockhash"": ""0000000000000000000044cd0bd631fde905e7703263f437610e71fdfc328db4""
","}
"
82,"{
","  ""hash"": ""0000000000000000000044cd0bd631fde905e7703263f437610e71fdfc328db4"",
","  ""confirmations"": 34159,
","  ""height"": 703682,
","  ""version"": 939515908,
","  ""versionHex"": ""37ffe004"",
","  ""merkleroot"": ""fcb02c8ec9951f45d068a41384e41183a082ce962ce2e393974e137b10365f10"",
","  ""time"": 1633443987,
","  ""mediantime"": 1633439962,
","  ""nonce"": 3183219301,
","  ""bits"": ""170e2632"",
","  ""difficulty"": 19893045048575.13,
","  ""chainwork"": ""000000000000000000000000000000000000000022636ed45c2bf9077a78686b"",
","  ""nTx"": 3114,
","  ""previousblockhash"": ""00000000000000000009f6dc23068ad583207aaafca607d7031ca7d84157683b"",
","  ""nextblockhash"": ""0000000000000000000dd6b4cd8de763bfec729a0ce335fdba29e53d370348b2""
","}
"
83,"{
","  ""hash"": ""0000000000000000000dd6b4cd8de763bfec729a0ce335fdba29e53d370348b2"",
","  ""confirmations"": 34158,
","  ""height"": 703683,
","  ""version"": 671080452,
","  ""versionHex"": ""27ffe004"",
","  ""merkleroot"": ""d8b2dd5792b93d7130df6fa3c8ea7d0d8dde9f8333dfd013895de027f90144a2"",
","  ""time"": 1633444174,
","  ""mediantime"": 1633442329,
","  ""nonce"": 2044929192,
","  ""bits"": ""170e2632"",
","  ""difficulty"": 19893045048575.13,
","  ""chainwork"": ""0000000000000000000000000000000000000000226380ec2425f60097f7c9e4"",
","  ""nTx"": 3339,
","  ""previousblockhash"": ""0000000000000000000044cd0bd631fde905e7703263f437610e71fdfc328db4"",
","  ""nextblockhash"": ""00000000000000000002a353f8aa661ae001f24099a112a511a3fb26c6ad88c9""
","}
"
84,"{
","  ""hash"": ""00000000000000000002a353f8aa661ae001f24099a112a511a3fb26c6ad88c9"",
","  ""confirmations"": 34157,
","  ""height"": 703684,
","  ""version"": 545259524,
","  ""versionHex"": ""20800004"",
","  ""merkleroot"": ""72b5e0eb14969f47d436904ec219bff54e3063a2483868ee2bdc81e0f4935ce6"",
","  ""time"": 1633444796,
","  ""mediantime"": 1633442598,
","  ""nonce"": 1201775420,
","  ""bits"": ""170e2632"",
","  ""difficulty"": 19893045048575.13,
","  ""chainwork"": ""000000000000000000000000000000000000000022639303ec1ff2f9b5772b5d"",
","  ""nTx"": 2992,
","  ""previousblockhash"": ""0000000000000000000dd6b4cd8de763bfec729a0ce335fdba29e53d370348b2"",
","  ""nextblockhash"": ""0000000000000000000de3fd3e1e5ab7c3c1b13eadf1bbc3952feac052db247f""
","}
"
85,"{
","  ""hash"": ""0000000000000000000de3fd3e1e5ab7c3c1b13eadf1bbc3952feac052db247f"",
","  ""confirmations"": 34156,
","  ""height"": 703685,
","  ""version"": 541065220,
","  ""versionHex"": ""20400004"",
","  ""merkleroot"": ""43999f31c810d57eb937a8c239a77430140325b5b387320c4ee95e8d5afee90b"",
","  ""time"": 1633444931,
","  ""mediantime"": 1633443548,
","  ""nonce"": 11181917,
","  ""bits"": ""170e2632"",
","  ""difficulty"": 19893045048575.13,
","  ""chainwork"": ""00000000000000000000000000000000000000002263a51bb419eff2d2f68cd6"",
","  ""nTx"": 1081,
","  ""previousblockhash"": ""00000000000000000002a353f8aa661ae001f24099a112a511a3fb26c6ad88c9"",
","  ""nextblockhash"": ""0000000000000000000123d30cbabec047b36f039fac4470da67dc222907ab82""
","}
"
86,"{
","  ""hash"": ""0000000000000000000123d30cbabec047b36f039fac4470da67dc222907ab82"",
","  ""confirmations"": 34155,
","  ""height"": 703686,
","  ""version"": 536911876,
","  ""versionHex"": ""2000a004"",
","  ""merkleroot"": ""1e7f05886031c15884cf18264126430ee370208cb73df7416cb364bf3b8037ce"",
","  ""time"": 1633445373,
","  ""mediantime"": 1633443642,
","  ""nonce"": 2302319342,
","  ""bits"": ""170e2632"",
","  ""difficulty"": 19893045048575.13,
","  ""chainwork"": ""00000000000000000000000000000000000000002263b7337c13ecebf075ee4f"",
","  ""nTx"": 2464,
","  ""previousblockhash"": ""0000000000000000000de3fd3e1e5ab7c3c1b13eadf1bbc3952feac052db247f"",
","  ""nextblockhash"": ""00000000000000000000347f5a917e1143172c8b2efaf94f058b80be9cee1a71""
","}
"
87,"{
","  ""hash"": ""00000000000000000000347f5a917e1143172c8b2efaf94f058b80be9cee1a71"",
","  ""confirmations"": 34154,
","  ""height"": 703687,
","  ""version"": 1073676292,
","  ""versionHex"": ""3fff0004"",
","  ""merkleroot"": ""9edf4cda02186f5308f8635d1c2d92b5e49265d778191e5c97b187d1cfa96d6b"",
","  ""time"": 1633446104,
","  ""mediantime"": 1633443987,
","  ""nonce"": 479894149,
","  ""bits"": ""170e2632"",
","  ""difficulty"": 19893045048575.13,
","  ""chainwork"": ""00000000000000000000000000000000000000002263c94b440de9e50df54fc8"",
","  ""nTx"": 2824,
","  ""previousblockhash"": ""0000000000000000000123d30cbabec047b36f039fac4470da67dc222907ab82"",
","  ""nextblockhash"": ""0000000000000000000951cd351d797329ab918fd7210bdedaec386b3ad4d0e0""
","}
"
88,"{
","  ""hash"": ""0000000000000000000951cd351d797329ab918fd7210bdedaec386b3ad4d0e0"",
","  ""confirmations"": 34153,
","  ""height"": 703688,
","  ""version"": 805298180,
","  ""versionHex"": ""2fffe004"",
","  ""merkleroot"": ""e97536d92f71f03a962067982db7aa8ece8a44df78e94d04e1e7b5c3cff54a3b"",
","  ""time"": 1633446489,
","  ""mediantime"": 1633444174,
","  ""nonce"": 1989863641,
","  ""bits"": ""170e2632"",
","  ""difficulty"": 19893045048575.13,
","  ""chainwork"": ""00000000000000000000000000000000000000002263db630c07e6de2b74b141"",
","  ""nTx"": 2874,
","  ""previousblockhash"": ""00000000000000000000347f5a917e1143172c8b2efaf94f058b80be9cee1a71"",
","  ""nextblockhash"": ""0000000000000000000a380a3bcf79b38c4130d4996ebe80186cb56d6ed33b9d""
","}
"
89,"{
","  ""hash"": ""0000000000000000000a380a3bcf79b38c4130d4996ebe80186cb56d6ed33b9d"",
","  ""confirmations"": 34152,
","  ""height"": 703689,
","  ""version"": 551550980,
","  ""versionHex"": ""20e00004"",
","  ""merkleroot"": ""011bb2210324055d857e361c33006527c0e6fb50793677e57fecc1e6f390b9c9"",
","  ""time"": 1633447079,
","  ""mediantime"": 1633444796,
","  ""nonce"": 1556491857,
","  ""bits"": ""170e2632"",
","  ""difficulty"": 19893045048575.13,
","  ""chainwork"": ""00000000000000000000000000000000000000002263ed7ad401e3d748f412ba"",
","  ""nTx"": 2831,
","  ""previousblockhash"": ""0000000000000000000951cd351d797329ab918fd7210bdedaec386b3ad4d0e0"",
","  ""nextblockhash"": ""000000000000000000096ee3230f12f036a5b02a3b709a2ce5575f62d5ddf795""
","}
"
90,"{
","  ""hash"": ""000000000000000000096ee3230f12f036a5b02a3b709a2ce5575f62d5ddf795"",
","  ""confirmations"": 34151,
","  ""height"": 703690,
","  ""version"": 551550980,
","  ""versionHex"": ""20e00004"",
","  ""merkleroot"": ""ad24f8a076f6653bec635b48af5543b5542348f5f149cd5089cbcbfa676db93f"",
","  ""time"": 1633447610,
","  ""mediantime"": 1633444931,
","  ""nonce"": 704039234,
","  ""bits"": ""170e2632"",
","  ""difficulty"": 19893045048575.13,
","  ""chainwork"": ""00000000000000000000000000000000000000002263ff929bfbe0d066737433"",
","  ""nTx"": 2871,
","  ""previousblockhash"": ""0000000000000000000a380a3bcf79b38c4130d4996ebe80186cb56d6ed33b9d"",
","  ""nextblockhash"": ""0000000000000000000cf00cfb2ba71c56728532156ede370ceab181b13aa80d""
","}
"
91,"{
","  ""hash"": ""0000000000000000000cf00cfb2ba71c56728532156ede370ceab181b13aa80d"",
","  ""confirmations"": 34150,
","  ""height"": 703691,
","  ""version"": 536870916,
","  ""versionHex"": ""20000004"",
","  ""merkleroot"": ""d28f847d3d43c1c296f82b234131dc751a2d44d13f094b9b2abf23468016a834"",
","  ""time"": 1633447693,
","  ""mediantime"": 1633445373,
","  ""nonce"": 463302232,
","  ""bits"": ""170e2632"",
","  ""difficulty"": 19893045048575.13,
","  ""chainwork"": ""0000000000000000000000000000000000000000226411aa63f5ddc983f2d5ac"",
","  ""nTx"": 2814,
","  ""previousblockhash"": ""000000000000000000096ee3230f12f036a5b02a3b709a2ce5575f62d5ddf795"",
","  ""nextblockhash"": ""000000000000000000062430ebf423bb5eec45401b220a2735a46c8934d0d09d""
","}
"
92,"{
","  ""hash"": ""000000000000000000062430ebf423bb5eec45401b220a2735a46c8934d0d09d"",
","  ""confirmations"": 34149,
","  ""height"": 703692,
","  ""version"": 536870916,
","  ""versionHex"": ""20000004"",
","  ""merkleroot"": ""6b554d445c9537c76de4539b7e51c252b4a11957f97f2775d0544d610d21a696"",
","  ""time"": 1633448199,
","  ""mediantime"": 1633446104,
","  ""nonce"": 198129124,
","  ""bits"": ""170e2632"",
","  ""difficulty"": 19893045048575.13,
","  ""chainwork"": ""0000000000000000000000000000000000000000226423c22befdac2a1723725"",
","  ""nTx"": 2550,
","  ""previousblockhash"": ""0000000000000000000cf00cfb2ba71c56728532156ede370ceab181b13aa80d"",
","  ""nextblockhash"": ""0000000000000000000ddd92bb3e3f8e303f769287adc8dc5578667da410a32d""
","}
"
93,"{
","  ""hash"": ""0000000000000000000ddd92bb3e3f8e303f769287adc8dc5578667da410a32d"",
","  ""confirmations"": 34148,
","  ""height"": 703693,
","  ""version"": 536928260,
","  ""versionHex"": ""2000e004"",
","  ""merkleroot"": ""f32259145f164de3d1dbee89d4f6fb503cf7fad62eaf9aa9b843efadf783e0fe"",
","  ""time"": 1633448694,
","  ""mediantime"": 1633446489,
","  ""nonce"": 2131686183,
","  ""bits"": ""170e2632"",
","  ""difficulty"": 19893045048575.13,
","  ""chainwork"": ""0000000000000000000000000000000000000000226435d9f3e9d7bbbef1989e"",
","  ""nTx"": 2920,
","  ""previousblockhash"": ""000000000000000000062430ebf423bb5eec45401b220a2735a46c8934d0d09d"",
","  ""nextblockhash"": ""00000000000000000000f4d02c410a8cd8dc2eb5c7cd3594fd0a3b6561c328db""
","}
"
94,"{
","  ""hash"": ""00000000000000000000f4d02c410a8cd8dc2eb5c7cd3594fd0a3b6561c328db"",
","  ""confirmations"": 34147,
","  ""height"": 703694,
","  ""version"": 536870916,
","  ""versionHex"": ""20000004"",
","  ""merkleroot"": ""85bbff912c6a15cebb03f622fa1f2bb268be31fb96d8598e27019a8cceb9f8ec"",
","  ""time"": 1633448852,
","  ""mediantime"": 1633447079,
","  ""nonce"": 2007326824,
","  ""bits"": ""170e2632"",
","  ""difficulty"": 19893045048575.13,
","  ""chainwork"": ""0000000000000000000000000000000000000000226447f1bbe3d4b4dc70fa17"",
","  ""nTx"": 2664,
","  ""previousblockhash"": ""0000000000000000000ddd92bb3e3f8e303f769287adc8dc5578667da410a32d"",
","  ""nextblockhash"": ""00000000000000000008b5cb4d434daa1a70ad860f6be4dda5a8cb8cfad251ef""
","}
"
95,"{
","  ""hash"": ""00000000000000000008b5cb4d434daa1a70ad860f6be4dda5a8cb8cfad251ef"",
","  ""confirmations"": 34146,
","  ""height"": 703695,
","  ""version"": 536928260,
","  ""versionHex"": ""2000e004"",
","  ""merkleroot"": ""5d0fbe1a065bca268b13e8bf5baff43c70626eacfceeee2689262cf50a96dbe2"",
","  ""time"": 1633449556,
","  ""mediantime"": 1633447610,
","  ""nonce"": 3450594603,
","  ""bits"": ""170e2632"",
","  ""difficulty"": 19893045048575.13,
","  ""chainwork"": ""000000000000000000000000000000000000000022645a0983ddd1adf9f05b90"",
","  ""nTx"": 2221,
","  ""previousblockhash"": ""00000000000000000000f4d02c410a8cd8dc2eb5c7cd3594fd0a3b6561c328db"",
","  ""nextblockhash"": ""00000000000000000009a292a55455fe8b857cc8d9dc049bf0f30f42c6610054""
","}
"
96,"{
","  ""hash"": ""00000000000000000009a292a55455fe8b857cc8d9dc049bf0f30f42c6610054"",
","  ""confirmations"": 34145,
","  ""height"": 703696,
","  ""version"": 536879108,
","  ""versionHex"": ""20002004"",
","  ""merkleroot"": ""c5e37ae900785d6111f4947e30f2963a9542fb64cfa2461bb94d6b3ef6fe7a11"",
","  ""time"": 1633451019,
","  ""mediantime"": 1633447693,
","  ""nonce"": 665281705,
","  ""bits"": ""170e2632"",
","  ""difficulty"": 19893045048575.13,
","  ""chainwork"": ""000000000000000000000000000000000000000022646c214bd7cea7176fbd09"",
","  ""nTx"": 2317,
","  ""previousblockhash"": ""00000000000000000008b5cb4d434daa1a70ad860f6be4dda5a8cb8cfad251ef"",
","  ""nextblockhash"": ""00000000000000000004155c8aef586faaa24a7a76498fefe2637218b40e1c2c""
","}
"
97,"{
","  ""hash"": ""00000000000000000004155c8aef586faaa24a7a76498fefe2637218b40e1c2c"",
","  ""confirmations"": 34144,
","  ""height"": 703697,
","  ""version"": 536870916,
","  ""versionHex"": ""20000004"",
","  ""merkleroot"": ""60f9181c30365a8ded454e2a6724aaecd3a8baafc32d2fa394d892b5de0189d4"",
","  ""time"": 1633451594,
","  ""mediantime"": 1633448199,
","  ""nonce"": 1421871954,
","  ""bits"": ""170e2632"",
","  ""difficulty"": 19893045048575.13,
","  ""chainwork"": ""000000000000000000000000000000000000000022647e3913d1cba034ef1e82"",
","  ""nTx"": 3249,
","  ""previousblockhash"": ""00000000000000000009a292a55455fe8b857cc8d9dc049bf0f30f42c6610054"",
","  ""nextblockhash"": ""00000000000000000008f6309600345615a2f769892ae96b459e816ff235a0dd""
","}
"
98,"{
","  ""hash"": ""00000000000000000008f6309600345615a2f769892ae96b459e816ff235a0dd"",
","  ""confirmations"": 34143,
","  ""height"": 703698,
","  ""version"": 549453828,
","  ""versionHex"": ""20c00004"",
","  ""merkleroot"": ""0c88eadc3281ff545721f8af6e9a309a62b5a59e0477e292a9a91264a4581c1c"",
","  ""time"": 1633451936,
","  ""mediantime"": 1633448694,
","  ""nonce"": 2866932743,
","  ""bits"": ""170e2632"",
","  ""difficulty"": 19893045048575.13,
","  ""chainwork"": ""000000000000000000000000000000000000000022649050dbcbc899526e7ffb"",
","  ""nTx"": 2825,
","  ""previousblockhash"": ""00000000000000000004155c8aef586faaa24a7a76498fefe2637218b40e1c2c"",
","  ""nextblockhash"": ""0000000000000000000b6b6cbc221f9553aabdc641ca2f8fbe07968386bf6c6b""
","}
"
99,"{
","  ""hash"": ""0000000000000000000b6b6cbc221f9553aabdc641ca2f8fbe07968386bf6c6b"",
","  ""confirmations"": 34142,
","  ""height"": 703699,
","  ""version"": 543162372,
","  ""versionHex"": ""20600004"",
","  ""merkleroot"": ""f1f6d83f55ce736a7f77bd3bfc2554aba7009c30b344c63188a50efadf72486f"",
","  ""time"": 1633452664,
","  ""mediantime"": 1633448852,
","  ""nonce"": 4266891106,
","  ""bits"": ""170e2632"",
","  ""difficulty"": 19893045048575.13,
","  ""chainwork"": ""00000000000000000000000000000000000000002264a268a3c5c5926fede174"",
","  ""nTx"": 2275,
","  ""previousblockhash"": ""00000000000000000008f6309600345615a2f769892ae96b459e816ff235a0dd"",
","  ""nextblockhash"": ""000000000000000000009532662ccef7ab94aa35f5578e60c374ec79ee7726d5""
","}
"
